,f1-score,precision,recall,support
0,0.9297395009071415,0.9411971830985916,0.9295774647887324,142
1,0.909152033872415,0.9257331870007927,0.9084507042253521,142
2,0.9156774203475465,0.9295271629778671,0.9154929577464789,142
