,f1-score,precision,recall,support
0,0.7753273575553421,0.7860847795988812,0.7748499487629923,6831
1,0.7561801507833547,0.7722441849743193,0.7556346381969158,6744
2,0.778755140952637,0.7939222330670741,0.7763649962602842,6685
