,f1-score,precision,recall,support
0,0.914872117760968,0.9234434384082272,0.9154929577464789,142
1,0.910919412907814,0.9322965571205009,0.9084507042253521,142
2,0.8808887995921965,0.8947221206024022,0.8802816901408451,142
