,f1-score,precision,recall,support
0,0.7659461155323102,0.7731585831005727,0.7658037326911499,3322
1,0.7870843721212496,0.8135325716589318,0.7833384192859323,3277
2,0.7620437480948646,0.7747989695444815,0.7607626076260763,3252
