,f1-score,precision,recall,support
0,0.92927347408281,0.9370696400625979,0.9295774647887324,142
1,0.9441284068044632,0.9552915785310151,0.9436619718309859,142
2,0.9149622513225183,0.9231873564620043,0.9154929577464789,142
