,f1-score,precision,recall,support
0,0.7322581509235274,0.7352414233797548,0.7336924868957484,34340
1,0.7332756752128675,0.7428611923750827,0.7337836641986962,33901
2,0.7223202438547724,0.7277711185921146,0.7215829691077216,33633
