,f1-score,precision,recall,support
0,0.7711982461581101,0.7831310195769803,0.7692307692307693,1547
1,0.7918580389638201,0.8154197330843526,0.7921311475409836,1525
2,0.7417110965045544,0.765184565847942,0.7389292795769994,1513
