,f1-score,precision,recall,support
0,0.8799518591047174,0.8931030628213726,0.8802816901408451,142
1,0.8705806804812605,0.9172986637775372,0.8732394366197183,142
2,0.832684276800277,0.8593459928566313,0.8297872340425532,141
