,f1-score,precision,recall,support
0,0.8426366982160408,0.8562704041427446,0.8439716312056738,141
1,0.8437117678418424,0.8739672885799646,0.8380281690140845,142
2,0.8505825433547586,0.8825033319714171,0.8439716312056738,141
