,f1-score,precision,recall,support
0,0.7714753542029786,0.7810249187225589,0.7712287712287712,1001
1,0.7602856755984815,0.7875472879313269,0.7606490872210954,986
2,0.7597119233703686,0.7813017462550562,0.75564681724846,974
