,f1-score,precision,recall,support
0,0.9237024907799558,0.9350700160559318,0.9225352112676056,142
1,0.9656059350756949,0.9709926224010731,0.9647887323943662,142
2,0.9218146712031071,0.9329962095807166,0.9225352112676056,142
