,f1-score,precision,recall,support
0,0.768399662232993,0.7724971282977493,0.7694172655641182,11549
1,0.7651360211105698,0.7789145583714601,0.7636012636012636,11396
2,0.7617449335919688,0.7661181363406381,0.7621616840615603,11306
