,f1-score,precision,recall,support
0,0.661845763821731,0.6688576628535463,0.6733067729083665,251
1,0.6434829386418183,0.7183564677235562,0.6582278481012658,237
2,0.6507806944832459,0.6800388476152669,0.6724890829694323,229
