,f1-score,precision,recall,support
0,0.5445861110359475,0.5627585991416229,0.5459126053340283,11511
1,0.5496279761721112,0.5822215121871555,0.5524045521292217,10896
2,0.5152640898705974,0.5213126422530422,0.5322241346337732,10458
