,f1-score,precision,recall,support
0,0.5336579293828763,0.5527614261521365,0.53440150801131,9549
1,0.5754112627511248,0.6062769249986311,0.5813156440022111,9045
2,0.5480376088212674,0.5593886068971844,0.559202948629348,8682
