,f1-score,precision,recall,support
0,0.6324398063292215,0.6512175346495959,0.6414342629482072,251
1,0.7274046015856109,0.7304983694224201,0.7468354430379747,237
2,0.6711582489648036,0.6990221376363169,0.6855895196506551,229
