,f1-score,precision,recall,support
0,0.5317990069658532,0.5656616496932699,0.5288323782234957,5584
1,0.5599974125230504,0.6000080968256013,0.5703745743473326,5286
2,0.5213751068019872,0.5442140772769193,0.5266167192429022,5072
