,f1-score,precision,recall,support
0,0.6280262020511764,0.668418235151303,0.6374501992031872,251
1,0.6828608673419323,0.7534652552895014,0.7046413502109705,237
2,0.5787682154102902,0.6177462776564403,0.5982532751091703,229
