,f1-score,precision,recall,support
0,0.6976793629830077,0.709440735443227,0.7131474103585658,251
1,0.7001895989658906,0.7454980439157654,0.7172995780590717,237
2,0.5251844415655749,0.5064950057385873,0.5720524017467249,229
