,f1-score,precision,recall,support
0,0.5039120603890946,0.5250239196433978,0.505807230994909,57945
1,0.5158189416004764,0.5372896418026213,0.5247033952360992,54871
2,0.42568326049526756,0.44523432680319114,0.43406729106901987,52637
