,f1-score,precision,recall,support
0,0.6009689686352416,0.6461849636403966,0.6169354838709677,248
1,0.5488787231935612,0.5749714035440219,0.5822784810126582,237
2,0.6087626196793897,0.6752419705476473,0.62882096069869,229
