,f1-score,precision,recall,support
0,0.5177083023387815,0.5440327943176324,0.5284615384615384,2600
1,0.5323742070146015,0.5766902659555373,0.5464547677261614,2454
2,0.5534135315010184,0.5805494326802327,0.5696686491079015,2354
