,f1-score,precision,recall,support
0,0.6105420527168003,0.6191343930830404,0.616258218768679,1673
1,0.58778564005534,0.6061265778766737,0.6030245746691871,1587
2,0.6115240756462318,0.6308803553721625,0.6116951379763469,1522
