,f1-score,precision,recall,support
0,0.6879468274299179,0.7079761618569418,0.6963562753036437,247
1,0.6437505478649044,0.6773717229702891,0.6779661016949152,236
2,0.6914103422292879,0.7144843389038436,0.6973684210526315,228
