,f1-score,precision,recall,support
0,0.6494714509753788,0.6679470595805257,0.6653386454183267,251
1,0.6495389158019867,0.6235012622940279,0.6962025316455697,237
2,0.6533845147061176,0.7167330805750641,0.6681222707423581,229
