,f1-score,precision,recall,support
0,0.5255900545652935,0.5367921071986408,0.5300610977049853,19477
1,0.5270434151546429,0.5359543268750439,0.5452475193840481,18443
2,0.4864527164650928,0.5055720879627964,0.48672016274864377,17696
